Month,Income,Expenses,Savings
2020-06,6635.0,2079538.35,-2072903.35
2020-07,7593.0,5938212.739999999,-5930619.739999999
2020-08,3015.0,6133478.17,-6130463.17
2020-09,7207.0,4911000.08,-4903793.08
2020-10,3292.0,4868952.989999999,-4865660.989999999
2020-11,6946.0,5028587.7299999995,-5021641.7299999995
2020-12,0.0,9603133.05,-9603133.05
